<?xml version="1.0" encoding="UTF-8"?>
<beans xmlns="http://www.springframework.org/schema/beans"
	xmlns:xsi="http://www.w3.org/2001/XMLSchema-instance"
	xsi:schemaLocation="http://www.springframework.org/schema/beans http://www.springframework.org/schema/beans/spring-beans.xsd">

	<bean id="collectionBean" class="di_collection.CollectionBean">
		<!-- List 타입에 대한 설정(의존주입 DI) : 순서 O, 중복 O -->
		<!--<property name="필드명" -->
		<property name="addressList">
			<list>
				<value>서울시 강남구 역삼동</value>
				<value>서울시 강남구 서초동</value>
				<value>서울시 강남구 서초동</value>
			</list>
		</property>
		<!-- Set 타입에 대한 설정(의존주입 DI) : 순서 X, 중복값 X(중복 존재 시 하나만 저장) -->
		<property name="addressSet">
			<!-- 별도로 타입 지정(String) -->
			<set value-type="java.lang.String">
				<value>서울시 강남구 역삼동</value>
				<value>서울시 강남구 서초동</value>
				<value>서울시 강남구 서초동</value>
			</set>
		</property>
		
		<!-- Map<key,value> 타입에 대한 설정(의존주입 DI) : 순서 X -->
		<property name="addressMap">
			<map>
				<!-- 태그만 사용해서 작성 예 -->
				<entry>
					<key>
						<value>홍길동</value>
					</key>
					<value>서울시 강남구 역삼동</value>
				</entry>
				<!-- 속성을 사용하는 방식 -->
				<entry key="김유신" value="서울시 강남구 서초동"/>
				<entry key="을지문덕" value="서울시 강남구 서초동"/>
			</map>
		</property>
		
		<!-- Properties 타입에 대한 설정(key, value 모두 Stirng) -->
		<property name="addressProp">
			<props>
				<!-- 태그와 태그 사이가 value  -->
				<prop key="홍길동">서울시 강남구 역삼동</prop>
				<prop key="김유신">서울시 강남구 서초동</prop>
				<prop key="을지문덕">서울시 강남구 서초동</prop>
			</props>
		</property>
		
	</bean>
	
	
	
	
</beans>
