<?xml version="1.0" encoding="UTF-8"?>
<beans xmlns="http://www.springframework.org/schema/beans"
	xmlns:xsi="http://www.w3.org/2001/XMLSchema-instance"
	xmlns:context="http://www.springframework.org/schema/context"
	xmlns:aop="http://www.springframework.org/schema/aop"
	xsi:schemaLocation="http://www.springframework.org/schema/beans http://www.springframework.org/schema/beans/spring-beans.xsd
		http://www.springframework.org/schema/context http://www.springframework.org/schema/context/spring-context-4.3.xsd
		http://www.springframework.org/schema/aop http://www.springframework.org/schema/aop/spring-aop-4.3.xsd">
	
	<context:component-scan base-package="com.spring.biz"></context:component-scan>

	<!-- AOP 설정(smlns:aop 추가) -->
	<!-- *Impl 클래스의 모든 메소드 실행 전 LogAdvice 클래스의 printLog() 실행 -->
<!-- 	<bean id="log" class="com.spring.biz.common.LogAdvice"></bean>
	
	<aop:config>
		execution : 어떤 메소드를 대상으로 할지를 지정하는데 사용되는 패턴
		com.spring.biz..  : com.spring.biz 하위 패키지 전부
		*Impl.*(..) : Impl로 끝나는 클래스의 모든 메소드, 파라미터 갯수 상관 무
		*Impl.*(..) 대상 메소드가 실행되기 전에 aspect 실행
		<aop:pointcut expression="execution(* com.spring.biz..*Impl.*(..))" id="allPointCut"/>
		log : 어드바이스(Aspect에 의해 취해지는 조치)
		<aop:aspect ref="log">
			 log 내에 있는 메소드 명
			<aop:before pointcut-ref="allPointCut" method="printLog"/>
		</aop:aspect>
	</aop:config> -->
	
	<bean id="log4j" class="com.spring.biz.common.Log4jAdvice"/>
	<aop:config>
		<!-- 포인트컷(pointcut) : 핵심관심 중 AOP 적용대상으로 선정할 메소드 설정 -->
		<aop:pointcut expression="execution(* com.spring.biz..*Impl.*(..))" id="allPointCut"/>
		<aop:pointcut expression="execution(* com.spring.biz..*Impl.get*(..))" id="getPointCut"/>
		<!-- aspect : 적용대상(pointcut)과 적용할 횡단관심(advice) 연결 -->	
		<aop:aspect ref="log4j">
			<aop:before pointcut-ref="getPointCut" method="printLogging"/>
		</aop:aspect>
	</aop:config>
	
</beans>
